INSERT INTO NEWS (ID, SHORT_TEXT, FULL_TEXT, TITLE, CREATION_DATE, MODIFICATION_DATE) VALUES ('1', 'short1', 'full1', 'title1', '2016-04-03 09:00:00', '2016-04-03 08:54:11');
INSERT INTO NEWS (ID, SHORT_TEXT, FULL_TEXT, TITLE, CREATION_DATE, MODIFICATION_DATE) VALUES ('2', 'short2', 'full2', 'title2', '2016-04-03 09:00:00',  '2016-04-03 08:54:11');
INSERT INTO NEWS (ID, SHORT_TEXT, FULL_TEXT, TITLE, CREATION_DATE, MODIFICATION_DATE) VALUES ('3', 'short3', 'full3', 'title3', '2016-04-03 09:00:00',  '2016-04-03 08:54:11');
INSERT INTO NEWS (ID, SHORT_TEXT, FULL_TEXT, TITLE, CREATION_DATE, MODIFICATION_DATE) VALUES ('4', 'short4', 'full4', 'title4', '2016-04-03 09:00:00',  '2016-04-03 08:54:11');
INSERT INTO NEWS (ID, SHORT_TEXT, FULL_TEXT, TITLE, CREATION_DATE, MODIFICATION_DATE) VALUES ('5', 'short5', 'full5', 'title5', '2016-04-03 09:00:00',  '2016-04-03 08:54:11');
INSERT INTO NEWS (ID, SHORT_TEXT, FULL_TEXT, TITLE, CREATION_DATE, MODIFICATION_DATE) VALUES ('6', 'short6', 'full6', 'title6', '2016-04-03 09:00:00',  '2016-04-03 08:54:11');
INSERT INTO NEWS (ID, SHORT_TEXT, FULL_TEXT, TITLE, CREATION_DATE, MODIFICATION_DATE) VALUES ('7', 'short7', 'full7', 'title7', '2016-04-03 09:00:00',  '2016-04-03 08:54:11');
INSERT INTO NEWS (ID, SHORT_TEXT, FULL_TEXT, TITLE, CREATION_DATE, MODIFICATION_DATE) VALUES ('8', 'short8', 'full8', 'title8', '2016-04-03 09:00:00',  '2016-04-03 08:54:11');
INSERT INTO NEWS (ID, SHORT_TEXT, FULL_TEXT, TITLE, CREATION_DATE, MODIFICATION_DATE) VALUES ('9', 'short9', 'full9', 'title9', '2016-04-03 09:00:00',  '2016-04-03 08:54:11');
INSERT INTO NEWS (ID, SHORT_TEXT, FULL_TEXT, TITLE, CREATION_DATE, MODIFICATION_DATE) VALUES ('10', 'short10', 'full10', 'title10', '2016-04-03 09:00:00',  '2016-04-03 08:54:11');
INSERT INTO NEWS (ID, SHORT_TEXT, FULL_TEXT, TITLE, CREATION_DATE, MODIFICATION_DATE) VALUES ('11', 'short11', 'full11', 'title11', '2016-04-03 09:00:00',  '2016-04-03 08:54:11');
INSERT INTO NEWS (ID, SHORT_TEXT, FULL_TEXT, TITLE, CREATION_DATE, MODIFICATION_DATE) VALUES ('12', 'short12', 'full12', 'title12', '2016-04-03 09:00:00',  '2016-04-03 08:54:11');
INSERT INTO NEWS (ID, SHORT_TEXT, FULL_TEXT, TITLE, CREATION_DATE, MODIFICATION_DATE) VALUES ('13', 'short13', 'full13', 'title13', '2016-04-03 09:00:00',  '2016-04-03 08:54:11');
INSERT INTO NEWS (ID, SHORT_TEXT, FULL_TEXT, TITLE, CREATION_DATE, MODIFICATION_DATE) VALUES ('14', 'short14', 'full14', 'title14', '2016-04-03 09:00:00',  '2016-04-03 08:54:11');
INSERT INTO NEWS (ID, SHORT_TEXT, FULL_TEXT, TITLE, CREATION_DATE, MODIFICATION_DATE) VALUES ('15', 'short15', 'full15', 'title15', '2016-04-03 09:00:00',  '2016-04-03 08:54:11');
INSERT INTO NEWS (ID, SHORT_TEXT, FULL_TEXT, TITLE, CREATION_DATE, MODIFICATION_DATE) VALUES ('16', 'short16', 'full16', 'title16', '2016-04-03 09:00:00',  '2016-04-03 08:54:11');
INSERT INTO NEWS (ID, SHORT_TEXT, FULL_TEXT, TITLE, CREATION_DATE, MODIFICATION_DATE) VALUES ('17', 'short17', 'full17', 'title17', '2016-04-03 09:00:00',  '2016-04-03 08:54:11');
INSERT INTO NEWS (ID, SHORT_TEXT, FULL_TEXT, TITLE, CREATION_DATE, MODIFICATION_DATE) VALUES ('18', 'short18', 'full18', 'title18', '2016-04-03 09:00:00',  '2016-04-03 08:54:11');
INSERT INTO NEWS (ID, SHORT_TEXT, FULL_TEXT, TITLE, CREATION_DATE, MODIFICATION_DATE) VALUES ('19', 'short19', 'full19', 'title19', '2016-04-03 09:00:00',  '2016-04-03 08:54:11');
INSERT INTO NEWS (ID, SHORT_TEXT, FULL_TEXT, TITLE, CREATION_DATE, MODIFICATION_DATE) VALUES ('20', 'short20', 'full20', 'title20', '2016-04-03 09:00:00',  '2016-04-03 08:54:11');

INSERT INTO COMMENT (ID, TEXT, CREATION_DATE, NEWS_ID) VALUES ('1', 'text1', '2016-04-05 08:58:04',  '2');
INSERT INTO COMMENT (ID, TEXT, CREATION_DATE, NEWS_ID) VALUES ('2', 'text2', '2016-04-05 08:58:04',  '2');
INSERT INTO COMMENT (ID, TEXT, CREATION_DATE, NEWS_ID) VALUES ('3', 'text3', '2016-04-05 08:58:04',  '2');
INSERT INTO COMMENT (ID, TEXT, CREATION_DATE, NEWS_ID) VALUES ('4', 'text4', '2016-04-05 08:58:04',  '5');
INSERT INTO COMMENT (ID, TEXT, CREATION_DATE, NEWS_ID) VALUES ('5', 'text5', '2016-04-05 08:58:04',  '5');
INSERT INTO COMMENT (ID, TEXT, CREATION_DATE, NEWS_ID) VALUES ('6', 'text6', '2016-04-05 08:58:04',  '4');
INSERT INTO COMMENT (ID, TEXT, CREATION_DATE, NEWS_ID) VALUES ('7', 'text7', '2016-04-05 08:58:04',  '3');
INSERT INTO COMMENT (ID, TEXT, CREATION_DATE, NEWS_ID) VALUES ('8', 'text8', '2016-04-05 08:58:04',  '3');
INSERT INTO COMMENT (ID, TEXT, CREATION_DATE, NEWS_ID) VALUES ('9', 'text9', '2016-04-05 08:58:04',  '3');
INSERT INTO COMMENT (ID, TEXT, CREATION_DATE, NEWS_ID) VALUES ('10', 'text10', '2016-04-05 08:58:04',  '3');
INSERT INTO COMMENT (ID, TEXT, CREATION_DATE, NEWS_ID) VALUES ('11', 'text11', '2016-04-05 08:58:04',  '3');
INSERT INTO COMMENT (ID, TEXT, CREATION_DATE, NEWS_ID) VALUES ('12', 'text12', '2016-04-05 08:58:04',  '4');
INSERT INTO COMMENT (ID, TEXT, CREATION_DATE, NEWS_ID) VALUES ('13', 'text13', '2016-04-05 08:58:04',  '4');
INSERT INTO COMMENT (ID, TEXT, CREATION_DATE, NEWS_ID) VALUES ('14', 'text14', '2016-04-05 08:58:04',  '4');
INSERT INTO COMMENT (ID, TEXT, CREATION_DATE, NEWS_ID) VALUES ('15', 'text15', '2016-04-05 08:58:04',  '3');
INSERT INTO COMMENT (ID, TEXT, CREATION_DATE, NEWS_ID) VALUES ('16', 'text16', '2016-04-05 08:58:04',  '7');
INSERT INTO COMMENT (ID, TEXT, CREATION_DATE, NEWS_ID) VALUES ('17', 'text17', '2016-04-05 08:58:04',  '8');
INSERT INTO COMMENT (ID, TEXT, CREATION_DATE, NEWS_ID) VALUES ('18', 'text18', '2016-04-05 08:58:04',  '4');
INSERT INTO COMMENT (ID, TEXT, CREATION_DATE, NEWS_ID) VALUES ('19', 'text19', '2016-04-05 08:58:04',  '9');
INSERT INTO COMMENT (ID, TEXT, CREATION_DATE, NEWS_ID) VALUES ('20', 'text20', '2016-04-05 08:58:04',  '20');

INSERT INTO AUTHOR (ID, NAME) VALUES ('1', 'Ivan');
INSERT INTO AUTHOR (ID, NAME) VALUES ('2', 'Victor');
INSERT INTO AUTHOR (ID, NAME) VALUES ('3', 'Pushkin');
INSERT INTO AUTHOR (ID, NAME) VALUES ('4', 'Alex');
INSERT INTO AUTHOR (ID, NAME) VALUES ('5', 'Misha');

INSERT INTO NEWS_AUTHOR (NEWS_ID, AUTHOR_ID) VALUES ('1', '1');
INSERT INTO NEWS_AUTHOR (NEWS_ID, AUTHOR_ID) VALUES ('2', '1');
INSERT INTO NEWS_AUTHOR (NEWS_ID, AUTHOR_ID) VALUES ('3', '2');
INSERT INTO NEWS_AUTHOR (NEWS_ID, AUTHOR_ID) VALUES ('4', '2');
INSERT INTO NEWS_AUTHOR (NEWS_ID, AUTHOR_ID) VALUES ('5', '3');
INSERT INTO NEWS_AUTHOR (NEWS_ID, AUTHOR_ID) VALUES ('6', '3');
INSERT INTO NEWS_AUTHOR (NEWS_ID, AUTHOR_ID) VALUES ('7', '4');
INSERT INTO NEWS_AUTHOR (NEWS_ID, AUTHOR_ID) VALUES ('8', '5');
INSERT INTO NEWS_AUTHOR (NEWS_ID, AUTHOR_ID) VALUES ('9', '4');
INSERT INTO NEWS_AUTHOR (NEWS_ID, AUTHOR_ID) VALUES ('10', '3');
INSERT INTO NEWS_AUTHOR (NEWS_ID, AUTHOR_ID) VALUES ('11', '2');
INSERT INTO NEWS_AUTHOR (NEWS_ID, AUTHOR_ID) VALUES ('12', '1');
INSERT INTO NEWS_AUTHOR (NEWS_ID, AUTHOR_ID) VALUES ('13', '4');
INSERT INTO NEWS_AUTHOR (NEWS_ID, AUTHOR_ID) VALUES ('14', '5');
INSERT INTO NEWS_AUTHOR (NEWS_ID, AUTHOR_ID) VALUES ('15', '1');
INSERT INTO NEWS_AUTHOR (NEWS_ID, AUTHOR_ID) VALUES ('16', '2');
INSERT INTO NEWS_AUTHOR (NEWS_ID, AUTHOR_ID) VALUES ('17', '2');
INSERT INTO NEWS_AUTHOR (NEWS_ID, AUTHOR_ID) VALUES ('18', '4');
INSERT INTO NEWS_AUTHOR (NEWS_ID, AUTHOR_ID) VALUES ('19', '3');
INSERT INTO NEWS_AUTHOR (NEWS_ID, AUTHOR_ID) VALUES ('20', '1');

INSERT INTO TAG (ID, NAME) VALUES ('1', 'tag1');
INSERT INTO TAG (ID, NAME) VALUES ('2', 'tag2');
INSERT INTO TAG (ID, NAME) VALUES ('3', 'tag3');
INSERT INTO TAG (ID, NAME) VALUES ('4', 'tag4');
INSERT INTO TAG (ID, NAME) VALUES ('5', 'tag5');

INSERT INTO NEWS_TAG(NEWS_ID, TAG_ID) VALUES ('1', '1');
INSERT INTO NEWS_TAG(NEWS_ID, TAG_ID) VALUES ('1', '2');
INSERT INTO NEWS_TAG(NEWS_ID, TAG_ID) VALUES ('4', '1');
INSERT INTO NEWS_TAG(NEWS_ID, TAG_ID) VALUES ('4', '2');
INSERT INTO NEWS_TAG(NEWS_ID, TAG_ID) VALUES ('3', '1');
INSERT INTO NEWS_TAG(NEWS_ID, TAG_ID) VALUES ('3', '3');
INSERT INTO NEWS_TAG(NEWS_ID, TAG_ID) VALUES ('2', '5');
INSERT INTO NEWS_TAG(NEWS_ID, TAG_ID) VALUES ('9', '2');
INSERT INTO NEWS_TAG(NEWS_ID, TAG_ID) VALUES ('10', '4');
INSERT INTO NEWS_TAG(NEWS_ID, TAG_ID) VALUES ('11', '1');
INSERT INTO NEWS_TAG(NEWS_ID, TAG_ID) VALUES ('12', '2');
INSERT INTO NEWS_TAG(NEWS_ID, TAG_ID) VALUES ('16', '3');
INSERT INTO NEWS_TAG(NEWS_ID, TAG_ID) VALUES ('18', '1');
INSERT INTO NEWS_TAG(NEWS_ID, TAG_ID) VALUES ('14', '5');
INSERT INTO NEWS_TAG(NEWS_ID, TAG_ID) VALUES ('15', '4');
INSERT INTO NEWS_TAG(NEWS_ID, TAG_ID) VALUES ('18', '2');
INSERT INTO NEWS_TAG(NEWS_ID, TAG_ID) VALUES ('15', '3');
INSERT INTO NEWS_TAG(NEWS_ID, TAG_ID) VALUES ('12', '1');

INSERT INTO USER (ID, LOGIN, PASSWORD) VALUES ('1', 'admin', '12345');
INSERT INTO USER_ROLE (ID, ROLE) VALUES ('1', 'ROLE_ADMIN');
commit;



