INSERT INTO "ORACLEDB"."NEWS" (NEWS_ID, SHORT_TEXT, FULL_TEXT, TITLE, CREATION_DATE, MODIFICATION_DATE) VALUES ('1', 'short1', 'full1', 'title1', TO_TIMESTAMP('2015-03-11 09:00:00', 'YYYY-MM-DD HH24:MI:SS'), TO_DATE('2015-03-11 08:54:11', 'YYYY-MM-DD HH24:MI:SS'));
INSERT INTO "ORACLEDB"."NEWS" (NEWS_ID, SHORT_TEXT, FULL_TEXT, TITLE, CREATION_DATE, MODIFICATION_DATE) VALUES ('2', 'short2', 'full2', 'title2', TO_TIMESTAMP('2015-03-11 09:00:00', 'YYYY-MM-DD HH24:MI:SS'), TO_DATE('2015-03-11 08:54:11', 'YYYY-MM-DD HH24:MI:SS'));
INSERT INTO "ORACLEDB"."NEWS" (NEWS_ID, SHORT_TEXT, FULL_TEXT, TITLE, CREATION_DATE, MODIFICATION_DATE) VALUES ('3', 'short3', 'full3', 'title3', TO_TIMESTAMP('2015-03-11 09:00:00', 'YYYY-MM-DD HH24:MI:SS'), TO_DATE('2015-03-11 08:54:11', 'YYYY-MM-DD HH24:MI:SS'));
INSERT INTO "ORACLEDB"."NEWS" (NEWS_ID, SHORT_TEXT, FULL_TEXT, TITLE, CREATION_DATE, MODIFICATION_DATE) VALUES ('4', 'short4', 'full4', 'title4', TO_TIMESTAMP('2015-03-11 09:00:00', 'YYYY-MM-DD HH24:MI:SS'), TO_DATE('2015-03-11 08:54:11', 'YYYY-MM-DD HH24:MI:SS'));
INSERT INTO "ORACLEDB"."NEWS" (NEWS_ID, SHORT_TEXT, FULL_TEXT, TITLE, CREATION_DATE, MODIFICATION_DATE) VALUES ('5', 'short5', 'full5', 'title5', TO_TIMESTAMP('2015-03-11 09:00:00', 'YYYY-MM-DD HH24:MI:SS'), TO_DATE('2015-03-11 08:54:11', 'YYYY-MM-DD HH24:MI:SS'));
INSERT INTO "ORACLEDB"."NEWS" (NEWS_ID, SHORT_TEXT, FULL_TEXT, TITLE, CREATION_DATE, MODIFICATION_DATE) VALUES ('6', 'short6', 'full6', 'title6', TO_TIMESTAMP('2015-03-11 09:00:00', 'YYYY-MM-DD HH24:MI:SS'), TO_DATE('2015-03-11 08:54:11', 'YYYY-MM-DD HH24:MI:SS'));
INSERT INTO "ORACLEDB"."NEWS" (NEWS_ID, SHORT_TEXT, FULL_TEXT, TITLE, CREATION_DATE, MODIFICATION_DATE) VALUES ('7', 'short7', 'full7', 'title7', TO_TIMESTAMP('2015-03-11 09:00:00', 'YYYY-MM-DD HH24:MI:SS'), TO_DATE('2015-03-11 08:54:11', 'YYYY-MM-DD HH24:MI:SS'));
INSERT INTO "ORACLEDB"."NEWS" (NEWS_ID, SHORT_TEXT, FULL_TEXT, TITLE, CREATION_DATE, MODIFICATION_DATE) VALUES ('8', 'short8', 'full8', 'title8', TO_TIMESTAMP('2015-03-11 09:00:00', 'YYYY-MM-DD HH24:MI:SS'), TO_DATE('2015-03-11 08:54:11', 'YYYY-MM-DD HH24:MI:SS'));
INSERT INTO "ORACLEDB"."NEWS" (NEWS_ID, SHORT_TEXT, FULL_TEXT, TITLE, CREATION_DATE, MODIFICATION_DATE) VALUES ('9', 'short9', 'full9', 'title9', TO_TIMESTAMP('2015-03-11 09:00:00', 'YYYY-MM-DD HH24:MI:SS'), TO_DATE('2015-03-11 08:54:11', 'YYYY-MM-DD HH24:MI:SS'));
INSERT INTO "ORACLEDB"."NEWS" (NEWS_ID, SHORT_TEXT, FULL_TEXT, TITLE, CREATION_DATE, MODIFICATION_DATE) VALUES ('10', 'short10', 'full10', 'title10', TO_TIMESTAMP('2015-03-11 09:00:00', 'YYYY-MM-DD HH24:MI:SS'), TO_DATE('2015-03-11 08:54:11', 'YYYY-MM-DD HH24:MI:SS'));
INSERT INTO "ORACLEDB"."NEWS" (NEWS_ID, SHORT_TEXT, FULL_TEXT, TITLE, CREATION_DATE, MODIFICATION_DATE) VALUES ('11', 'short11', 'full11', 'title11', TO_TIMESTAMP('2015-03-11 09:00:00', 'YYYY-MM-DD HH24:MI:SS'), TO_DATE('2015-03-11 08:54:11', 'YYYY-MM-DD HH24:MI:SS'));
INSERT INTO "ORACLEDB"."NEWS" (NEWS_ID, SHORT_TEXT, FULL_TEXT, TITLE, CREATION_DATE, MODIFICATION_DATE) VALUES ('12', 'short12', 'full12', 'title12', TO_TIMESTAMP('2015-03-11 09:00:00', 'YYYY-MM-DD HH24:MI:SS'), TO_DATE('2015-03-11 08:54:11', 'YYYY-MM-DD HH24:MI:SS'));
INSERT INTO "ORACLEDB"."NEWS" (NEWS_ID, SHORT_TEXT, FULL_TEXT, TITLE, CREATION_DATE, MODIFICATION_DATE) VALUES ('13', 'short13', 'full13', 'title13', TO_TIMESTAMP('2015-03-11 09:00:00', 'YYYY-MM-DD HH24:MI:SS'), TO_DATE('2015-03-11 08:54:11', 'YYYY-MM-DD HH24:MI:SS'));
INSERT INTO "ORACLEDB"."NEWS" (NEWS_ID, SHORT_TEXT, FULL_TEXT, TITLE, CREATION_DATE, MODIFICATION_DATE) VALUES ('14', 'short14', 'full14', 'title14', TO_TIMESTAMP('2015-03-11 09:00:00', 'YYYY-MM-DD HH24:MI:SS'), TO_DATE('2015-03-11 08:54:11', 'YYYY-MM-DD HH24:MI:SS'));
INSERT INTO "ORACLEDB"."NEWS" (NEWS_ID, SHORT_TEXT, FULL_TEXT, TITLE, CREATION_DATE, MODIFICATION_DATE) VALUES ('15', 'short15', 'full15', 'title15', TO_TIMESTAMP('2015-03-11 09:00:00', 'YYYY-MM-DD HH24:MI:SS'), TO_DATE('2015-03-11 08:54:11', 'YYYY-MM-DD HH24:MI:SS'));
INSERT INTO "ORACLEDB"."NEWS" (NEWS_ID, SHORT_TEXT, FULL_TEXT, TITLE, CREATION_DATE, MODIFICATION_DATE) VALUES ('16', 'short16', 'full16', 'title16', TO_TIMESTAMP('2015-03-11 09:00:00', 'YYYY-MM-DD HH24:MI:SS'), TO_DATE('2015-03-11 08:54:11', 'YYYY-MM-DD HH24:MI:SS'));
INSERT INTO "ORACLEDB"."NEWS" (NEWS_ID, SHORT_TEXT, FULL_TEXT, TITLE, CREATION_DATE, MODIFICATION_DATE) VALUES ('17', 'short17', 'full17', 'title17', TO_TIMESTAMP('2015-03-11 09:00:00', 'YYYY-MM-DD HH24:MI:SS'), TO_DATE('2015-03-11 08:54:11', 'YYYY-MM-DD HH24:MI:SS'));
INSERT INTO "ORACLEDB"."NEWS" (NEWS_ID, SHORT_TEXT, FULL_TEXT, TITLE, CREATION_DATE, MODIFICATION_DATE) VALUES ('18', 'short18', 'full18', 'title18', TO_TIMESTAMP('2015-03-11 09:00:00', 'YYYY-MM-DD HH24:MI:SS'), TO_DATE('2015-03-11 08:54:11', 'YYYY-MM-DD HH24:MI:SS'));
INSERT INTO "ORACLEDB"."NEWS" (NEWS_ID, SHORT_TEXT, FULL_TEXT, TITLE, CREATION_DATE, MODIFICATION_DATE) VALUES ('19', 'short19', 'full19', 'title19', TO_TIMESTAMP('2015-03-11 09:00:00', 'YYYY-MM-DD HH24:MI:SS'), TO_DATE('2015-03-11 08:54:11', 'YYYY-MM-DD HH24:MI:SS'));
INSERT INTO "ORACLEDB"."NEWS" (NEWS_ID, SHORT_TEXT, FULL_TEXT, TITLE, CREATION_DATE, MODIFICATION_DATE) VALUES ('20', 'short20', 'full20', 'title20', TO_TIMESTAMP('2015-03-11 09:00:00', 'YYYY-MM-DD HH24:MI:SS'), TO_DATE('2015-03-11 08:54:11', 'YYYY-MM-DD HH24:MI:SS'));

INSERT INTO "ORACLEDB"."COMMENTS" (COMMENT_ID, COMMENT_TEXT, CREATION_DATE, NEWS_ID) VALUES ('1', 'text1', TO_TIMESTAMP('2015-03-04 08:58:04', 'YYYY-MM-DD HH24:MI:SS'), '2');
INSERT INTO "ORACLEDB"."COMMENTS" (COMMENT_ID, COMMENT_TEXT, CREATION_DATE, NEWS_ID) VALUES ('2', 'text2', TO_TIMESTAMP('2015-03-04 08:58:04', 'YYYY-MM-DD HH24:MI:SS'), '2');
INSERT INTO "ORACLEDB"."COMMENTS" (COMMENT_ID, COMMENT_TEXT, CREATION_DATE, NEWS_ID) VALUES ('3', 'text3', TO_TIMESTAMP('2015-03-04 08:58:04', 'YYYY-MM-DD HH24:MI:SS'), '2');
INSERT INTO "ORACLEDB"."COMMENTS" (COMMENT_ID, COMMENT_TEXT, CREATION_DATE, NEWS_ID) VALUES ('4', 'text4', TO_TIMESTAMP('2015-03-04 08:58:04', 'YYYY-MM-DD HH24:MI:SS'), '5');
INSERT INTO "ORACLEDB"."COMMENTS" (COMMENT_ID, COMMENT_TEXT, CREATION_DATE, NEWS_ID) VALUES ('5', 'text5', TO_TIMESTAMP('2015-03-04 08:58:04', 'YYYY-MM-DD HH24:MI:SS'), '5');
INSERT INTO "ORACLEDB"."COMMENTS" (COMMENT_ID, COMMENT_TEXT, CREATION_DATE, NEWS_ID) VALUES ('6', 'text6', TO_TIMESTAMP('2015-03-04 08:58:04', 'YYYY-MM-DD HH24:MI:SS'), '4');
INSERT INTO "ORACLEDB"."COMMENTS" (COMMENT_ID, COMMENT_TEXT, CREATION_DATE, NEWS_ID) VALUES ('7', 'text7', TO_TIMESTAMP('2015-03-04 08:58:04', 'YYYY-MM-DD HH24:MI:SS'), '3');
INSERT INTO "ORACLEDB"."COMMENTS" (COMMENT_ID, COMMENT_TEXT, CREATION_DATE, NEWS_ID) VALUES ('8', 'text8', TO_TIMESTAMP('2015-03-04 08:58:04', 'YYYY-MM-DD HH24:MI:SS'), '3');
INSERT INTO "ORACLEDB"."COMMENTS" (COMMENT_ID, COMMENT_TEXT, CREATION_DATE, NEWS_ID) VALUES ('9', 'text9', TO_TIMESTAMP('2015-03-04 08:58:04', 'YYYY-MM-DD HH24:MI:SS'), '3');
INSERT INTO "ORACLEDB"."COMMENTS" (COMMENT_ID, COMMENT_TEXT, CREATION_DATE, NEWS_ID) VALUES ('10', 'text10', TO_TIMESTAMP('2015-03-04 08:58:04', 'YYYY-MM-DD HH24:MI:SS'), '3');
INSERT INTO "ORACLEDB"."COMMENTS" (COMMENT_ID, COMMENT_TEXT, CREATION_DATE, NEWS_ID) VALUES ('11', 'text11', TO_TIMESTAMP('2015-03-04 08:58:04', 'YYYY-MM-DD HH24:MI:SS'), '3');
INSERT INTO "ORACLEDB"."COMMENTS" (COMMENT_ID, COMMENT_TEXT, CREATION_DATE, NEWS_ID) VALUES ('12', 'text12', TO_TIMESTAMP('2015-03-04 08:58:04', 'YYYY-MM-DD HH24:MI:SS'), '4');
INSERT INTO "ORACLEDB"."COMMENTS" (COMMENT_ID, COMMENT_TEXT, CREATION_DATE, NEWS_ID) VALUES ('13', 'text13', TO_TIMESTAMP('2015-03-04 08:58:04', 'YYYY-MM-DD HH24:MI:SS'), '4');
INSERT INTO "ORACLEDB"."COMMENTS" (COMMENT_ID, COMMENT_TEXT, CREATION_DATE, NEWS_ID) VALUES ('14', 'text14', TO_TIMESTAMP('2015-03-04 08:58:04', 'YYYY-MM-DD HH24:MI:SS'), '4');
INSERT INTO "ORACLEDB"."COMMENTS" (COMMENT_ID, COMMENT_TEXT, CREATION_DATE, NEWS_ID) VALUES ('15', 'text15', TO_TIMESTAMP('2015-03-04 08:58:04', 'YYYY-MM-DD HH24:MI:SS'), '3');
INSERT INTO "ORACLEDB"."COMMENTS" (COMMENT_ID, COMMENT_TEXT, CREATION_DATE, NEWS_ID) VALUES ('16', 'text16', TO_TIMESTAMP('2015-03-04 08:58:04', 'YYYY-MM-DD HH24:MI:SS'), '7');
INSERT INTO "ORACLEDB"."COMMENTS" (COMMENT_ID, COMMENT_TEXT, CREATION_DATE, NEWS_ID) VALUES ('17', 'text17', TO_TIMESTAMP('2015-03-04 08:58:04', 'YYYY-MM-DD HH24:MI:SS'), '8');
INSERT INTO "ORACLEDB"."COMMENTS" (COMMENT_ID, COMMENT_TEXT, CREATION_DATE, NEWS_ID) VALUES ('18', 'text18', TO_TIMESTAMP('2015-03-04 08:58:04', 'YYYY-MM-DD HH24:MI:SS'), '4');
INSERT INTO "ORACLEDB"."COMMENTS" (COMMENT_ID, COMMENT_TEXT, CREATION_DATE, NEWS_ID) VALUES ('19', 'text19', TO_TIMESTAMP('2015-03-04 08:58:04', 'YYYY-MM-DD HH24:MI:SS'), '9');
INSERT INTO "ORACLEDB"."COMMENTS" (COMMENT_ID, COMMENT_TEXT, CREATION_DATE, NEWS_ID) VALUES ('20', 'text20', TO_TIMESTAMP('2015-03-04 08:58:04', 'YYYY-MM-DD HH24:MI:SS'), '20');

INSERT INTO "ORACLEDB"."AUTHOR" (AUTHOR_ID, NAME) VALUES ('1', 'Ivan');
INSERT INTO "ORACLEDB"."AUTHOR" (AUTHOR_ID, NAME) VALUES ('2', 'Victor');
INSERT INTO "ORACLEDB"."AUTHOR" (AUTHOR_ID, NAME) VALUES ('3', 'Pushkin');
INSERT INTO "ORACLEDB"."AUTHOR" (AUTHOR_ID, NAME) VALUES ('4', 'Alex');
INSERT INTO "ORACLEDB"."AUTHOR" (AUTHOR_ID, NAME) VALUES ('5', 'Misha');

INSERT INTO "ORACLEDB"."NEWS_AUTHOR" (NEWS_ID, AUTHOR_ID) VALUES ('1', '1');
INSERT INTO "ORACLEDB"."NEWS_AUTHOR" (NEWS_ID, AUTHOR_ID) VALUES ('2', '1');
INSERT INTO "ORACLEDB"."NEWS_AUTHOR" (NEWS_ID, AUTHOR_ID) VALUES ('3', '2');
INSERT INTO "ORACLEDB"."NEWS_AUTHOR" (NEWS_ID, AUTHOR_ID) VALUES ('4', '2');
INSERT INTO "ORACLEDB"."NEWS_AUTHOR" (NEWS_ID, AUTHOR_ID) VALUES ('5', '3');
INSERT INTO "ORACLEDB"."NEWS_AUTHOR" (NEWS_ID, AUTHOR_ID) VALUES ('6', '3');
INSERT INTO "ORACLEDB"."NEWS_AUTHOR" (NEWS_ID, AUTHOR_ID) VALUES ('7', '4');
INSERT INTO "ORACLEDB"."NEWS_AUTHOR" (NEWS_ID, AUTHOR_ID) VALUES ('8', '5');
INSERT INTO "ORACLEDB"."NEWS_AUTHOR" (NEWS_ID, AUTHOR_ID) VALUES ('9', '4');
INSERT INTO "ORACLEDB"."NEWS_AUTHOR" (NEWS_ID, AUTHOR_ID) VALUES ('10', '3');
INSERT INTO "ORACLEDB"."NEWS_AUTHOR" (NEWS_ID, AUTHOR_ID) VALUES ('11', '2');
INSERT INTO "ORACLEDB"."NEWS_AUTHOR" (NEWS_ID, AUTHOR_ID) VALUES ('12', '1');
INSERT INTO "ORACLEDB"."NEWS_AUTHOR" (NEWS_ID, AUTHOR_ID) VALUES ('13', '4');
INSERT INTO "ORACLEDB"."NEWS_AUTHOR" (NEWS_ID, AUTHOR_ID) VALUES ('14', '5');
INSERT INTO "ORACLEDB"."NEWS_AUTHOR" (NEWS_ID, AUTHOR_ID) VALUES ('15', '1');
INSERT INTO "ORACLEDB"."NEWS_AUTHOR" (NEWS_ID, AUTHOR_ID) VALUES ('16', '2');
INSERT INTO "ORACLEDB"."NEWS_AUTHOR" (NEWS_ID, AUTHOR_ID) VALUES ('17', '2');
INSERT INTO "ORACLEDB"."NEWS_AUTHOR" (NEWS_ID, AUTHOR_ID) VALUES ('18', '4');
INSERT INTO "ORACLEDB"."NEWS_AUTHOR" (NEWS_ID, AUTHOR_ID) VALUES ('19', '3');
INSERT INTO "ORACLEDB"."NEWS_AUTHOR" (NEWS_ID, AUTHOR_ID) VALUES ('20', '1');

INSERT INTO "ORACLEDB"."TAG" (TAG_ID, TAG_NAME) VALUES ('1', 'tag1');
INSERT INTO "ORACLEDB"."TAG" (TAG_ID, TAG_NAME) VALUES ('2', 'tag2');
INSERT INTO "ORACLEDB"."TAG" (TAG_ID, TAG_NAME) VALUES ('3', 'tag3');
INSERT INTO "ORACLEDB"."TAG" (TAG_ID, TAG_NAME) VALUES ('4', 'tag4');
INSERT INTO "ORACLEDB"."TAG" (TAG_ID, TAG_NAME) VALUES ('5', 'tag5');

INSERT INTO "ORACLEDB"."NEWS_TAG" (NEWS_ID, TAG_ID) VALUES ('1', '1');
INSERT INTO "ORACLEDB"."NEWS_TAG" (NEWS_ID, TAG_ID) VALUES ('1', '2');
INSERT INTO "ORACLEDB"."NEWS_TAG" (NEWS_ID, TAG_ID) VALUES ('4', '1');
INSERT INTO "ORACLEDB"."NEWS_TAG" (NEWS_ID, TAG_ID) VALUES ('4', '2');
INSERT INTO "ORACLEDB"."NEWS_TAG" (NEWS_ID, TAG_ID) VALUES ('3', '1');
INSERT INTO "ORACLEDB"."NEWS_TAG" (NEWS_ID, TAG_ID) VALUES ('3', '3');
INSERT INTO "ORACLEDB"."NEWS_TAG" (NEWS_ID, TAG_ID) VALUES ('2', '5');
INSERT INTO "ORACLEDB"."NEWS_TAG" (NEWS_ID, TAG_ID) VALUES ('9', '2');
INSERT INTO "ORACLEDB"."NEWS_TAG" (NEWS_ID, TAG_ID) VALUES ('10', '4');
INSERT INTO "ORACLEDB"."NEWS_TAG" (NEWS_ID, TAG_ID) VALUES ('11', '1');
INSERT INTO "ORACLEDB"."NEWS_TAG" (NEWS_ID, TAG_ID) VALUES ('12', '2');
INSERT INTO "ORACLEDB"."NEWS_TAG" (NEWS_ID, TAG_ID) VALUES ('16', '3');
INSERT INTO "ORACLEDB"."NEWS_TAG" (NEWS_ID, TAG_ID) VALUES ('18', '1');
INSERT INTO "ORACLEDB"."NEWS_TAG" (NEWS_ID, TAG_ID) VALUES ('14', '5');
INSERT INTO "ORACLEDB"."NEWS_TAG" (NEWS_ID, TAG_ID) VALUES ('15', '4');
INSERT INTO "ORACLEDB"."NEWS_TAG" (NEWS_ID, TAG_ID) VALUES ('18', '2');
INSERT INTO "ORACLEDB"."NEWS_TAG" (NEWS_ID, TAG_ID) VALUES ('15', '3');
INSERT INTO "ORACLEDB"."NEWS_TAG" (NEWS_ID, TAG_ID) VALUES ('12', '1');

INSERT INTO "ORACLEDB"."USERS" (USER_ID, USER_NAME, LOGIN, PASSWORD) VALUES ('1', 'Ivan', 'admin', '5f4dcc3b5aa765d61d8327deb882cf99');
INSERT INTO "ORACLEDB"."USER_ROLES" (USER_ID, ROLE_NAME) VALUES ('1', 'ROLE_ADMIN');
commit;



